-- phpMyAdmin SQL Dump
-- version 4.0.4
-- http://www.phpmyadmin.net
--
-- Host: localhost
-- Generation Time: Nov 19, 2014 at 04:22 PM
-- Server version: 5.6.12-log
-- PHP Version: 5.4.12

SET SQL_MODE = "NO_AUTO_VALUE_ON_ZERO";
SET time_zone = "+00:00";


/*!40101 SET @OLD_CHARACTER_SET_CLIENT=@@CHARACTER_SET_CLIENT */;
/*!40101 SET @OLD_CHARACTER_SET_RESULTS=@@CHARACTER_SET_RESULTS */;
/*!40101 SET @OLD_COLLATION_CONNECTION=@@COLLATION_CONNECTION */;
/*!40101 SET NAMES utf8 */;

--
-- Database: `futsalnepal`
--
CREATE DATABASE IF NOT EXISTS `futsalnepal` DEFAULT CHARACTER SET latin1 COLLATE latin1_swedish_ci;
USE `futsalnepal`;

-- --------------------------------------------------------

--
-- Table structure for table `admin`
--

CREATE TABLE IF NOT EXISTS `admin` (
  `id` int(11) NOT NULL AUTO_INCREMENT,
  `username` varchar(20) NOT NULL,
  `password` text NOT NULL,
  `image` varchar(20) NOT NULL,
  `email` varchar(30) NOT NULL,
  PRIMARY KEY (`id`)
) ENGINE=InnoDB  DEFAULT CHARSET=latin1 AUTO_INCREMENT=11 ;

--
-- Dumping data for table `admin`
--

INSERT INTO `admin` (`id`, `username`, `password`, `image`, `email`) VALUES
(6, 'prabesh', 'd3d3c9b08aa454d3d3512fd20bd686e65f7f75d2', '6.png', 'czinka62@yahoo.com'),
(7, 'prachanda', '1c9059170910835368500990479a5cf828444d34', '7.jpg', 'prachan@yahoo.com'),
(9, 'pracanda', 'd3d3c9b08aa454d3d3512fd20bd686e65f7f75d2', '9.jpg', 'czinka62@gmail.com'),
(10, 'lalit', 'd3d3c9b08aa454d3d3512fd20bd686e65f7f75d2', '10.jpg', 'emocent.magar@gmail.com');

-- --------------------------------------------------------

--
-- Table structure for table `album`
--

CREATE TABLE IF NOT EXISTS `album` (
  `id` int(11) NOT NULL AUTO_INCREMENT,
  `name` text NOT NULL,
  `admin_id` int(11) NOT NULL,
  `date` date NOT NULL,
  PRIMARY KEY (`id`)
) ENGINE=InnoDB  DEFAULT CHARSET=latin1 AUTO_INCREMENT=7 ;

--
-- Dumping data for table `album`
--

INSERT INTO `album` (`id`, `name`, `admin_id`, `date`) VALUES
(2, 'all', 9, '2014-11-19'),
(4, 'oaaa', 10, '2014-11-19'),
(5, 'prabesh', 6, '2014-11-19'),
(6, 'oich', 6, '2014-11-19');

-- --------------------------------------------------------

--
-- Table structure for table `booking`
--

CREATE TABLE IF NOT EXISTS `booking` (
  `id` int(11) NOT NULL AUTO_INCREMENT,
  `schedule_id` int(11) NOT NULL,
  `user_id` int(11) NOT NULL,
  `booking_date` date NOT NULL,
  `status` bigint(20) NOT NULL,
  PRIMARY KEY (`id`)
) ENGINE=InnoDB  DEFAULT CHARSET=latin1 AUTO_INCREMENT=129 ;

--
-- Dumping data for table `booking`
--

INSERT INTO `booking` (`id`, `schedule_id`, `user_id`, `booking_date`, `status`) VALUES
(111, 2048, 2, '2014-11-05', 111),
(113, 2062, 2, '2014-11-12', 113),
(114, 2048, 2, '2014-11-12', 111),
(115, 2055, 2, '2014-11-12', 115),
(116, 2049, 2, '2014-11-06', 116),
(117, 2064, 2, '2014-11-28', 117),
(118, 2047, 2, '2014-11-25', 118),
(119, 2055, 2, '2014-11-26', 115),
(120, 2045, 2, '2014-11-09', 120),
(121, 2047, 2, '2014-11-11', 118),
(122, 446, 48, '2014-11-06', 122),
(123, 446, 48, '2014-11-06', 123),
(124, 453, 48, '2014-11-06', 124),
(125, 474, 48, '2014-11-06', 125),
(126, 446, 43, '2014-11-13', 123),
(127, 443, 43, '2014-11-17', 127),
(128, 450, 43, '2014-11-17', 128);

-- --------------------------------------------------------

--
-- Table structure for table `futsal_arena`
--

CREATE TABLE IF NOT EXISTS `futsal_arena` (
  `id` int(11) NOT NULL AUTO_INCREMENT,
  `arena` varchar(50) NOT NULL,
  `city` varchar(20) NOT NULL,
  `location` varchar(40) NOT NULL,
  `price` int(10) NOT NULL,
  PRIMARY KEY (`id`)
) ENGINE=InnoDB  DEFAULT CHARSET=latin1 AUTO_INCREMENT=5 ;

--
-- Dumping data for table `futsal_arena`
--

INSERT INTO `futsal_arena` (`id`, `arena`, `city`, `location`, `price`) VALUES
(1, 'pokhara futsal pvt. ltd', 'pokhara', 'palikhe chowk', 1500),
(2, 'battle field', 'pokhara', 'lake side', 1200),
(3, 'langhari futsal', 'kathmandu', 'langhari', 1000),
(4, 'imadol enter', 'kathmandu', 'imadol', 1300);

-- --------------------------------------------------------

--
-- Table structure for table `image`
--

CREATE TABLE IF NOT EXISTS `image` (
  `id` int(11) NOT NULL AUTO_INCREMENT,
  `image` text NOT NULL,
  `album_id` int(11) NOT NULL,
  PRIMARY KEY (`id`)
) ENGINE=InnoDB  DEFAULT CHARSET=latin1 AUTO_INCREMENT=14 ;

--
-- Dumping data for table `image`
--

INSERT INTO `image` (`id`, `image`, `album_id`) VALUES
(5, '546cb32f7e3b5.png', 5),
(6, '546cb379ebc6e.jpg', 5),
(7, '546cb37a207cc.jpg', 5),
(8, '546cb37a2c822.jpg', 5),
(9, '546cb37a36abe.jpg', 5),
(10, '546cb3a9b00c2.jpg', 6),
(11, '546cb3a9d0608.jpg', 6),
(12, '546cb3a9d7b44.jpg', 6),
(13, '546cb4b69c941.jpg', 4);

-- --------------------------------------------------------

--
-- Table structure for table `migrations`
--

CREATE TABLE IF NOT EXISTS `migrations` (
  `version` int(3) NOT NULL
) ENGINE=InnoDB DEFAULT CHARSET=utf8;

--
-- Dumping data for table `migrations`
--

INSERT INTO `migrations` (`version`) VALUES
(0);

-- --------------------------------------------------------

--
-- Table structure for table `news`
--

CREATE TABLE IF NOT EXISTS `news` (
  `id` int(11) NOT NULL AUTO_INCREMENT,
  `title` text NOT NULL,
  `image` text NOT NULL,
  `content` text NOT NULL,
  `admin_id` int(11) NOT NULL,
  `date` date NOT NULL,
  `day` int(11) NOT NULL,
  `month` text NOT NULL,
  PRIMARY KEY (`id`)
) ENGINE=InnoDB  DEFAULT CHARSET=latin1 AUTO_INCREMENT=27 ;

--
-- Dumping data for table `news`
--

INSERT INTO `news` (`id`, `title`, `image`, `content`, `admin_id`, `date`, `day`, `month`) VALUES
(21, 'title', '546af6812bc79.jpg', '<p>$this-&gt;input-&gt;post(&#39;id&#39;)</p>', 9, '2014-11-18', 18, 'Nov'),
(22, 'seconf', '546af6b38fd99.jpg', '<p>$this-&gt;input-&gt;post(&#39;id&#39;)</p>\r\n', 6, '2014-11-18', 18, 'Nov'),
(23, 'prabesh', '546af8d6e86e2.jpg', '<p>die(&#39;here&#39;);</p>', 6, '2014-11-18', 18, 'Nov'),
(24, 'alter', '546af8e89f444.jpg', '<p>die(&#39;here&#39;);</p>', 6, '2014-11-18', 18, 'Nov'),
(25, 'fourth', '546af97eb8406.jpg', '<p>die(&#39;here&#39;);</p>', 6, '2014-11-18', 18, 'Nov'),
(26, 'fifth', '546af9966266b.jpg', '<p>die(&#39;here&#39;);</p>', 6, '2014-11-18', 18, 'Nov');

-- --------------------------------------------------------

--
-- Table structure for table `scheduler`
--

CREATE TABLE IF NOT EXISTS `scheduler` (
  `id` int(11) NOT NULL AUTO_INCREMENT,
  `start_time` text NOT NULL,
  `end_time` text NOT NULL,
  `time_diff` int(11) NOT NULL,
  `admin_id` int(11) NOT NULL,
  `day` int(11) NOT NULL,
  `price` decimal(10,0) NOT NULL,
  `book_status` int(11) NOT NULL,
  PRIMARY KEY (`id`)
) ENGINE=InnoDB  DEFAULT CHARSET=latin1 AUTO_INCREMENT=533 ;

--
-- Dumping data for table `scheduler`
--

INSERT INTO `scheduler` (`id`, `start_time`, `end_time`, `time_diff`, `admin_id`, `day`, `price`, `book_status`) VALUES
(1, '6:00am', '7:00am', 4, 1, 1, '2221', 0),
(2, '6:00am', '7:00am', 4, 1, 2, '3435', 0),
(3, '6:00am', '7:00am', 4, 1, 3, '0', 0),
(4, '6:00am', '7:00am', 4, 1, 4, '0', 0),
(5, '6:00am', '7:00am', 4, 1, 5, '0', 0),
(6, '6:00am', '7:00am', 4, 1, 6, '0', 0),
(7, '6:00am', '7:00am', 4, 1, 7, '0', 0),
(8, '7:00am', '8:00am', 4, 1, 1, '0', 0),
(9, '7:00am', '8:00am', 4, 1, 2, '0', 0),
(10, '7:00am', '8:00am', 4, 1, 3, '0', 0),
(11, '7:00am', '8:00am', 4, 1, 4, '0', 0),
(12, '7:00am', '8:00am', 4, 1, 5, '0', 0),
(13, '7:00am', '8:00am', 4, 1, 6, '0', 0),
(14, '7:00am', '8:00am', 4, 1, 7, '0', 0),
(15, '8:00am', '9:00am', 4, 1, 1, '0', 0),
(16, '8:00am', '9:00am', 4, 1, 2, '0', 0),
(17, '8:00am', '9:00am', 4, 1, 3, '0', 0),
(18, '8:00am', '9:00am', 4, 1, 4, '0', 0),
(19, '8:00am', '9:00am', 4, 1, 5, '0', 0),
(20, '8:00am', '9:00am', 4, 1, 6, '0', 0),
(21, '8:00am', '9:00am', 4, 1, 7, '0', 0),
(22, '9:00am', '10:00am', 4, 1, 1, '0', 0),
(23, '9:00am', '10:00am', 4, 1, 2, '0', 0),
(24, '9:00am', '10:00am', 4, 1, 3, '0', 0),
(25, '9:00am', '10:00am', 4, 1, 4, '0', 0),
(26, '9:00am', '10:00am', 4, 1, 5, '0', 0),
(27, '9:00am', '10:00am', 4, 1, 6, '0', 0),
(28, '9:00am', '10:00am', 4, 1, 7, '0', 0),
(99, '8:00am', '9:00am', 13, 3, 1, '0', 0),
(100, '8:00am', '9:00am', 13, 3, 2, '0', 0),
(101, '8:00am', '9:00am', 13, 3, 3, '0', 0),
(102, '8:00am', '9:00am', 13, 3, 4, '0', 0),
(103, '8:00am', '9:00am', 13, 3, 5, '0', 0),
(104, '8:00am', '9:00am', 13, 3, 6, '0', 0),
(105, '8:00am', '9:00am', 13, 3, 7, '0', 0),
(106, '9:00am', '10:00am', 13, 3, 1, '0', 0),
(107, '9:00am', '10:00am', 13, 3, 2, '0', 0),
(108, '9:00am', '10:00am', 13, 3, 3, '0', 0),
(109, '9:00am', '10:00am', 13, 3, 4, '0', 0),
(110, '9:00am', '10:00am', 13, 3, 5, '0', 0),
(111, '9:00am', '10:00am', 13, 3, 6, '0', 0),
(112, '9:00am', '10:00am', 13, 3, 7, '0', 0),
(113, '10:00am', '11:00am', 13, 3, 1, '0', 0),
(114, '10:00am', '11:00am', 13, 3, 2, '0', 0),
(115, '10:00am', '11:00am', 13, 3, 3, '0', 0),
(116, '10:00am', '11:00am', 13, 3, 4, '0', 0),
(117, '10:00am', '11:00am', 13, 3, 5, '0', 0),
(118, '10:00am', '11:00am', 13, 3, 6, '0', 0),
(119, '10:00am', '11:00am', 13, 3, 7, '0', 0),
(120, '11:00am', '12:00pm', 13, 3, 1, '0', 0),
(121, '11:00am', '12:00pm', 13, 3, 2, '0', 0),
(122, '11:00am', '12:00pm', 13, 3, 3, '0', 0),
(123, '11:00am', '12:00pm', 13, 3, 4, '0', 0),
(124, '11:00am', '12:00pm', 13, 3, 5, '0', 0),
(125, '11:00am', '12:00pm', 13, 3, 6, '0', 0),
(126, '11:00am', '12:00pm', 13, 3, 7, '0', 0),
(127, '12:00pm', '01:00pm', 13, 3, 1, '0', 0),
(128, '12:00pm', '01:00pm', 13, 3, 2, '0', 0),
(129, '12:00pm', '01:00pm', 13, 3, 3, '0', 0),
(130, '12:00pm', '01:00pm', 13, 3, 4, '0', 0),
(131, '12:00pm', '01:00pm', 13, 3, 5, '0', 0),
(132, '12:00pm', '01:00pm', 13, 3, 6, '0', 0),
(133, '12:00pm', '01:00pm', 13, 3, 7, '0', 0),
(134, '01:00pm', '2:00pm', 13, 3, 1, '0', 0),
(135, '01:00pm', '2:00pm', 13, 3, 2, '0', 0),
(136, '01:00pm', '2:00pm', 13, 3, 3, '122', 0),
(137, '01:00pm', '2:00pm', 13, 3, 4, '0', 0),
(138, '01:00pm', '2:00pm', 13, 3, 5, '0', 0),
(139, '01:00pm', '2:00pm', 13, 3, 6, '0', 0),
(140, '01:00pm', '2:00pm', 13, 3, 7, '0', 0),
(141, '2:00pm', '3:00pm', 13, 3, 1, '0', 0),
(142, '2:00pm', '3:00pm', 13, 3, 2, '0', 0),
(143, '2:00pm', '3:00pm', 13, 3, 3, '0', 0),
(144, '2:00pm', '3:00pm', 13, 3, 4, '0', 0),
(145, '2:00pm', '3:00pm', 13, 3, 5, '0', 0),
(146, '2:00pm', '3:00pm', 13, 3, 6, '0', 0),
(147, '2:00pm', '3:00pm', 13, 3, 7, '0', 0),
(148, '3:00pm', '4:00pm', 13, 3, 1, '0', 0),
(149, '3:00pm', '4:00pm', 13, 3, 2, '0', 0),
(150, '3:00pm', '4:00pm', 13, 3, 3, '0', 0),
(151, '3:00pm', '4:00pm', 13, 3, 4, '0', 0),
(152, '3:00pm', '4:00pm', 13, 3, 5, '0', 0),
(153, '3:00pm', '4:00pm', 13, 3, 6, '0', 0),
(154, '3:00pm', '4:00pm', 13, 3, 7, '0', 0),
(155, '4:00pm', '5:00pm', 13, 3, 1, '12', 0),
(156, '4:00pm', '5:00pm', 13, 3, 2, '0', 0),
(157, '4:00pm', '5:00pm', 13, 3, 3, '0', 0),
(158, '4:00pm', '5:00pm', 13, 3, 4, '0', 0),
(159, '4:00pm', '5:00pm', 13, 3, 5, '0', 0),
(160, '4:00pm', '5:00pm', 13, 3, 6, '0', 0),
(161, '4:00pm', '5:00pm', 13, 3, 7, '0', 0),
(162, '5:00pm', '6:00pm', 13, 3, 1, '0', 0),
(163, '5:00pm', '6:00pm', 13, 3, 2, '0', 0),
(164, '5:00pm', '6:00pm', 13, 3, 3, '0', 0),
(165, '5:00pm', '6:00pm', 13, 3, 4, '0', 0),
(166, '5:00pm', '6:00pm', 13, 3, 5, '0', 0),
(167, '5:00pm', '6:00pm', 13, 3, 6, '0', 0),
(168, '5:00pm', '6:00pm', 13, 3, 7, '0', 0),
(169, '6:00pm', '7:00pm', 13, 3, 1, '0', 0),
(170, '6:00pm', '7:00pm', 13, 3, 2, '0', 0),
(171, '6:00pm', '7:00pm', 13, 3, 3, '0', 0),
(172, '6:00pm', '7:00pm', 13, 3, 4, '0', 0),
(173, '6:00pm', '7:00pm', 13, 3, 5, '0', 0),
(174, '6:00pm', '7:00pm', 13, 3, 6, '0', 0),
(175, '6:00pm', '7:00pm', 13, 3, 7, '0', 0),
(176, '7:00pm', '8:00pm', 13, 3, 1, '0', 0),
(177, '7:00pm', '8:00pm', 13, 3, 2, '0', 0),
(178, '7:00pm', '8:00pm', 13, 3, 3, '0', 0),
(179, '7:00pm', '8:00pm', 13, 3, 4, '0', 0),
(180, '7:00pm', '8:00pm', 13, 3, 5, '0', 0),
(181, '7:00pm', '8:00pm', 13, 3, 6, '0', 0),
(182, '7:00pm', '8:00pm', 13, 3, 7, '0', 0),
(183, '8:00pm', '9:00pm', 13, 3, 1, '0', 0),
(184, '8:00pm', '9:00pm', 13, 3, 2, '0', 0),
(185, '8:00pm', '9:00pm', 13, 3, 3, '0', 0),
(186, '8:00pm', '9:00pm', 13, 3, 4, '0', 0),
(187, '8:00pm', '9:00pm', 13, 3, 5, '0', 0),
(188, '8:00pm', '9:00pm', 13, 3, 6, '0', 0),
(189, '8:00pm', '9:00pm', 13, 3, 7, '0', 0),
(190, '8:00am', '9:00am', 10, 2, 1, '1500', 0),
(191, '8:00am', '9:00am', 10, 2, 2, '0', 0),
(192, '8:00am', '9:00am', 10, 2, 3, '0', 0),
(193, '8:00am', '9:00am', 10, 2, 4, '0', 0),
(194, '8:00am', '9:00am', 10, 2, 5, '0', 0),
(195, '8:00am', '9:00am', 10, 2, 6, '0', 0),
(196, '8:00am', '9:00am', 10, 2, 7, '0', 0),
(197, '9:00am', '10:00am', 10, 2, 1, '0', 0),
(198, '9:00am', '10:00am', 10, 2, 2, '0', 0),
(199, '9:00am', '10:00am', 10, 2, 3, '0', 0),
(200, '9:00am', '10:00am', 10, 2, 4, '0', 0),
(201, '9:00am', '10:00am', 10, 2, 5, '0', 0),
(202, '9:00am', '10:00am', 10, 2, 6, '0', 0),
(203, '9:00am', '10:00am', 10, 2, 7, '0', 0),
(204, '10:00am', '11:00am', 10, 2, 1, '0', 0),
(205, '10:00am', '11:00am', 10, 2, 2, '0', 0),
(206, '10:00am', '11:00am', 10, 2, 3, '0', 0),
(207, '10:00am', '11:00am', 10, 2, 4, '0', 0),
(208, '10:00am', '11:00am', 10, 2, 5, '0', 0),
(209, '10:00am', '11:00am', 10, 2, 6, '0', 0),
(210, '10:00am', '11:00am', 10, 2, 7, '0', 0),
(211, '11:00am', '12:00pm', 10, 2, 1, '0', 0),
(212, '11:00am', '12:00pm', 10, 2, 2, '0', 0),
(213, '11:00am', '12:00pm', 10, 2, 3, '0', 0),
(214, '11:00am', '12:00pm', 10, 2, 4, '0', 0),
(215, '11:00am', '12:00pm', 10, 2, 5, '0', 0),
(216, '11:00am', '12:00pm', 10, 2, 6, '0', 0),
(217, '11:00am', '12:00pm', 10, 2, 7, '0', 0),
(218, '12:00pm', '01:00pm', 10, 2, 1, '0', 0),
(219, '12:00pm', '01:00pm', 10, 2, 2, '0', 0),
(220, '12:00pm', '01:00pm', 10, 2, 3, '0', 0),
(221, '12:00pm', '01:00pm', 10, 2, 4, '0', 0),
(222, '12:00pm', '01:00pm', 10, 2, 5, '0', 0),
(223, '12:00pm', '01:00pm', 10, 2, 6, '0', 0),
(224, '12:00pm', '01:00pm', 10, 2, 7, '0', 0),
(225, '01:00pm', '2:00pm', 10, 2, 1, '0', 0),
(226, '01:00pm', '2:00pm', 10, 2, 2, '0', 0),
(227, '01:00pm', '2:00pm', 10, 2, 3, '0', 0),
(228, '01:00pm', '2:00pm', 10, 2, 4, '0', 0),
(229, '01:00pm', '2:00pm', 10, 2, 5, '0', 0),
(230, '01:00pm', '2:00pm', 10, 2, 6, '0', 0),
(231, '01:00pm', '2:00pm', 10, 2, 7, '0', 0),
(232, '2:00pm', '3:00pm', 10, 2, 1, '0', 0),
(233, '2:00pm', '3:00pm', 10, 2, 2, '0', 0),
(234, '2:00pm', '3:00pm', 10, 2, 3, '0', 0),
(235, '2:00pm', '3:00pm', 10, 2, 4, '0', 0),
(236, '2:00pm', '3:00pm', 10, 2, 5, '0', 0),
(237, '2:00pm', '3:00pm', 10, 2, 6, '0', 0),
(238, '2:00pm', '3:00pm', 10, 2, 7, '0', 0),
(239, '3:00pm', '4:00pm', 10, 2, 1, '0', 0),
(240, '3:00pm', '4:00pm', 10, 2, 2, '0', 0),
(241, '3:00pm', '4:00pm', 10, 2, 3, '0', 0),
(242, '3:00pm', '4:00pm', 10, 2, 4, '0', 0),
(243, '3:00pm', '4:00pm', 10, 2, 5, '0', 0),
(244, '3:00pm', '4:00pm', 10, 2, 6, '0', 0),
(245, '3:00pm', '4:00pm', 10, 2, 7, '0', 0),
(246, '4:00pm', '5:00pm', 10, 2, 1, '0', 0),
(247, '4:00pm', '5:00pm', 10, 2, 2, '0', 0),
(248, '4:00pm', '5:00pm', 10, 2, 3, '0', 0),
(249, '4:00pm', '5:00pm', 10, 2, 4, '0', 0),
(250, '4:00pm', '5:00pm', 10, 2, 5, '0', 0),
(251, '4:00pm', '5:00pm', 10, 2, 6, '0', 0),
(252, '4:00pm', '5:00pm', 10, 2, 7, '0', 0),
(253, '5:00pm', '6:00pm', 10, 2, 1, '0', 0),
(254, '5:00pm', '6:00pm', 10, 2, 2, '0', 0),
(255, '5:00pm', '6:00pm', 10, 2, 3, '0', 0),
(256, '5:00pm', '6:00pm', 10, 2, 4, '0', 0),
(257, '5:00pm', '6:00pm', 10, 2, 5, '0', 0),
(258, '5:00pm', '6:00pm', 10, 2, 6, '0', 0),
(259, '5:00pm', '6:00pm', 10, 2, 7, '0', 0),
(288, '12:00am', '01:00am', 13, 7, 1, '234', 0),
(289, '12:00am', '01:00am', 13, 7, 2, '1500', 0),
(290, '12:00am', '01:00am', 13, 7, 3, '1500', 0),
(291, '12:00am', '01:00am', 13, 7, 4, '0', 0),
(292, '12:00am', '01:00am', 13, 7, 5, '0', 0),
(293, '12:00am', '01:00am', 13, 7, 6, '0', 0),
(294, '12:00am', '01:00am', 13, 7, 7, '0', 0),
(295, '01:00am', '2:00am', 13, 7, 1, '0', 0),
(296, '01:00am', '2:00am', 13, 7, 2, '0', 0),
(297, '01:00am', '2:00am', 13, 7, 3, '1500', 0),
(298, '01:00am', '2:00am', 13, 7, 4, '0', 0),
(299, '01:00am', '2:00am', 13, 7, 5, '0', 0),
(300, '01:00am', '2:00am', 13, 7, 6, '0', 0),
(301, '01:00am', '2:00am', 13, 7, 7, '0', 0),
(302, '2:00am', '3:00am', 13, 7, 1, '0', 0),
(303, '2:00am', '3:00am', 13, 7, 2, '0', 0),
(304, '2:00am', '3:00am', 13, 7, 3, '0', 0),
(305, '2:00am', '3:00am', 13, 7, 4, '0', 0),
(306, '2:00am', '3:00am', 13, 7, 5, '0', 0),
(307, '2:00am', '3:00am', 13, 7, 6, '0', 0),
(308, '2:00am', '3:00am', 13, 7, 7, '0', 0),
(309, '3:00am', '4:00am', 13, 7, 1, '0', 0),
(310, '3:00am', '4:00am', 13, 7, 2, '0', 0),
(311, '3:00am', '4:00am', 13, 7, 3, '0', 0),
(312, '3:00am', '4:00am', 13, 7, 4, '0', 0),
(313, '3:00am', '4:00am', 13, 7, 5, '0', 0),
(314, '3:00am', '4:00am', 13, 7, 6, '0', 0),
(315, '3:00am', '4:00am', 13, 7, 7, '0', 0),
(316, '4:00am', '5:00am', 13, 7, 1, '0', 0),
(317, '4:00am', '5:00am', 13, 7, 2, '0', 0),
(318, '4:00am', '5:00am', 13, 7, 3, '0', 0),
(319, '4:00am', '5:00am', 13, 7, 4, '0', 0),
(320, '4:00am', '5:00am', 13, 7, 5, '0', 0),
(321, '4:00am', '5:00am', 13, 7, 6, '0', 0),
(322, '4:00am', '5:00am', 13, 7, 7, '0', 0),
(323, '5:00am', '6:00am', 13, 7, 1, '0', 0),
(324, '5:00am', '6:00am', 13, 7, 2, '0', 0),
(325, '5:00am', '6:00am', 13, 7, 3, '0', 0),
(326, '5:00am', '6:00am', 13, 7, 4, '0', 0),
(327, '5:00am', '6:00am', 13, 7, 5, '0', 0),
(328, '5:00am', '6:00am', 13, 7, 6, '0', 0),
(329, '5:00am', '6:00am', 13, 7, 7, '0', 0),
(330, '6:00am', '7:00am', 13, 7, 1, '0', 0),
(331, '6:00am', '7:00am', 13, 7, 2, '0', 0),
(332, '6:00am', '7:00am', 13, 7, 3, '0', 0),
(333, '6:00am', '7:00am', 13, 7, 4, '0', 0),
(334, '6:00am', '7:00am', 13, 7, 5, '0', 0),
(335, '6:00am', '7:00am', 13, 7, 6, '0', 0),
(336, '6:00am', '7:00am', 13, 7, 7, '0', 0),
(337, '7:00am', '8:00am', 13, 7, 1, '0', 0),
(338, '7:00am', '8:00am', 13, 7, 2, '0', 0),
(339, '7:00am', '8:00am', 13, 7, 3, '0', 0),
(340, '7:00am', '8:00am', 13, 7, 4, '0', 0),
(341, '7:00am', '8:00am', 13, 7, 5, '0', 0),
(342, '7:00am', '8:00am', 13, 7, 6, '0', 0),
(343, '7:00am', '8:00am', 13, 7, 7, '0', 0),
(344, '8:00am', '9:00am', 13, 7, 1, '0', 0),
(345, '8:00am', '9:00am', 13, 7, 2, '0', 0),
(346, '8:00am', '9:00am', 13, 7, 3, '0', 0),
(347, '8:00am', '9:00am', 13, 7, 4, '0', 0),
(348, '8:00am', '9:00am', 13, 7, 5, '0', 0),
(349, '8:00am', '9:00am', 13, 7, 6, '0', 0),
(350, '8:00am', '9:00am', 13, 7, 7, '0', 0),
(351, '9:00am', '10:00am', 13, 7, 1, '0', 0),
(352, '9:00am', '10:00am', 13, 7, 2, '0', 0),
(353, '9:00am', '10:00am', 13, 7, 3, '0', 0),
(354, '9:00am', '10:00am', 13, 7, 4, '0', 0),
(355, '9:00am', '10:00am', 13, 7, 5, '0', 0),
(356, '9:00am', '10:00am', 13, 7, 6, '0', 0),
(357, '9:00am', '10:00am', 13, 7, 7, '0', 0),
(358, '10:00am', '11:00am', 13, 7, 1, '0', 0),
(359, '10:00am', '11:00am', 13, 7, 2, '0', 0),
(360, '10:00am', '11:00am', 13, 7, 3, '0', 0),
(361, '10:00am', '11:00am', 13, 7, 4, '0', 0),
(362, '10:00am', '11:00am', 13, 7, 5, '0', 0),
(363, '10:00am', '11:00am', 13, 7, 6, '0', 0),
(364, '10:00am', '11:00am', 13, 7, 7, '0', 0),
(365, '11:00am', '12:00pm', 13, 7, 1, '0', 0),
(366, '11:00am', '12:00pm', 13, 7, 2, '0', 0),
(367, '11:00am', '12:00pm', 13, 7, 3, '0', 0),
(368, '11:00am', '12:00pm', 13, 7, 4, '0', 0),
(369, '11:00am', '12:00pm', 13, 7, 5, '0', 0),
(370, '11:00am', '12:00pm', 13, 7, 6, '0', 0),
(371, '11:00am', '12:00pm', 13, 7, 7, '0', 0),
(372, '12:00pm', '01:00pm', 13, 7, 1, '0', 0),
(373, '12:00pm', '01:00pm', 13, 7, 2, '0', 0),
(374, '12:00pm', '01:00pm', 13, 7, 3, '0', 0),
(375, '12:00pm', '01:00pm', 13, 7, 4, '0', 0),
(376, '12:00pm', '01:00pm', 13, 7, 5, '0', 0),
(377, '12:00pm', '01:00pm', 13, 7, 6, '0', 0),
(378, '12:00pm', '01:00pm', 13, 7, 7, '0', 0),
(379, '8:00am', '9:00am', 9, 10, 1, '1233', 0),
(380, '8:00am', '9:00am', 9, 10, 2, '0', 0),
(381, '8:00am', '9:00am', 9, 10, 3, '0', 0),
(382, '8:00am', '9:00am', 9, 10, 4, '0', 0),
(383, '8:00am', '9:00am', 9, 10, 5, '0', 0),
(384, '8:00am', '9:00am', 9, 10, 6, '0', 0),
(385, '8:00am', '9:00am', 9, 10, 7, '0', 0),
(386, '9:00am', '10:00am', 9, 10, 1, '0', 0),
(387, '9:00am', '10:00am', 9, 10, 2, '0', 0),
(388, '9:00am', '10:00am', 9, 10, 3, '0', 0),
(389, '9:00am', '10:00am', 9, 10, 4, '0', 0),
(390, '9:00am', '10:00am', 9, 10, 5, '0', 0),
(391, '9:00am', '10:00am', 9, 10, 6, '0', 0),
(392, '9:00am', '10:00am', 9, 10, 7, '0', 0),
(393, '10:00am', '11:00am', 9, 10, 1, '0', 0),
(394, '10:00am', '11:00am', 9, 10, 2, '0', 0),
(395, '10:00am', '11:00am', 9, 10, 3, '0', 0),
(396, '10:00am', '11:00am', 9, 10, 4, '0', 0),
(397, '10:00am', '11:00am', 9, 10, 5, '0', 0),
(398, '10:00am', '11:00am', 9, 10, 6, '0', 0),
(399, '10:00am', '11:00am', 9, 10, 7, '0', 0),
(400, '11:00am', '12:00pm', 9, 10, 1, '0', 0),
(401, '11:00am', '12:00pm', 9, 10, 2, '0', 0),
(402, '11:00am', '12:00pm', 9, 10, 3, '0', 0),
(403, '11:00am', '12:00pm', 9, 10, 4, '0', 0),
(404, '11:00am', '12:00pm', 9, 10, 5, '0', 0),
(405, '11:00am', '12:00pm', 9, 10, 6, '0', 0),
(406, '11:00am', '12:00pm', 9, 10, 7, '0', 0),
(407, '12:00pm', '01:00pm', 9, 10, 1, '0', 0),
(408, '12:00pm', '01:00pm', 9, 10, 2, '0', 0),
(409, '12:00pm', '01:00pm', 9, 10, 3, '0', 0),
(410, '12:00pm', '01:00pm', 9, 10, 4, '0', 0),
(411, '12:00pm', '01:00pm', 9, 10, 5, '0', 0),
(412, '12:00pm', '01:00pm', 9, 10, 6, '0', 0),
(413, '12:00pm', '01:00pm', 9, 10, 7, '0', 0),
(414, '01:00pm', '2:00pm', 9, 10, 1, '0', 0),
(415, '01:00pm', '2:00pm', 9, 10, 2, '0', 0),
(416, '01:00pm', '2:00pm', 9, 10, 3, '0', 0),
(417, '01:00pm', '2:00pm', 9, 10, 4, '0', 0),
(418, '01:00pm', '2:00pm', 9, 10, 5, '0', 0),
(419, '01:00pm', '2:00pm', 9, 10, 6, '0', 0),
(420, '01:00pm', '2:00pm', 9, 10, 7, '0', 0),
(421, '2:00pm', '3:00pm', 9, 10, 1, '0', 0),
(422, '2:00pm', '3:00pm', 9, 10, 2, '0', 0),
(423, '2:00pm', '3:00pm', 9, 10, 3, '0', 0),
(424, '2:00pm', '3:00pm', 9, 10, 4, '0', 0),
(425, '2:00pm', '3:00pm', 9, 10, 5, '0', 0),
(426, '2:00pm', '3:00pm', 9, 10, 6, '0', 0),
(427, '2:00pm', '3:00pm', 9, 10, 7, '0', 0),
(428, '3:00pm', '4:00pm', 9, 10, 1, '0', 0),
(429, '3:00pm', '4:00pm', 9, 10, 2, '0', 0),
(430, '3:00pm', '4:00pm', 9, 10, 3, '0', 0),
(431, '3:00pm', '4:00pm', 9, 10, 4, '0', 0),
(432, '3:00pm', '4:00pm', 9, 10, 5, '0', 0),
(433, '3:00pm', '4:00pm', 9, 10, 6, '0', 0),
(434, '3:00pm', '4:00pm', 9, 10, 7, '0', 0),
(435, '4:00pm', '5:00pm', 9, 10, 1, '0', 0),
(436, '4:00pm', '5:00pm', 9, 10, 2, '0', 0),
(437, '4:00pm', '5:00pm', 9, 10, 3, '0', 0),
(438, '4:00pm', '5:00pm', 9, 10, 4, '0', 0),
(439, '4:00pm', '5:00pm', 9, 10, 5, '0', 0),
(440, '4:00pm', '5:00pm', 9, 10, 6, '0', 0),
(441, '4:00pm', '5:00pm', 9, 10, 7, '0', 0),
(442, '9:00am', '10:00am', 7, 9, 1, '1200', 0),
(443, '9:00am', '10:00am', 7, 9, 2, '0', 0),
(444, '9:00am', '10:00am', 7, 9, 3, '0', 0),
(445, '9:00am', '10:00am', 7, 9, 4, '0', 0),
(446, '9:00am', '10:00am', 7, 9, 5, '0', 0),
(447, '9:00am', '10:00am', 7, 9, 6, '0', 0),
(448, '9:00am', '10:00am', 7, 9, 7, '0', 0),
(449, '10:00am', '11:00am', 7, 9, 1, '0', 0),
(450, '10:00am', '11:00am', 7, 9, 2, '0', 0),
(451, '10:00am', '11:00am', 7, 9, 3, '0', 0),
(452, '10:00am', '11:00am', 7, 9, 4, '0', 0),
(453, '10:00am', '11:00am', 7, 9, 5, '0', 0),
(454, '10:00am', '11:00am', 7, 9, 6, '0', 0),
(455, '10:00am', '11:00am', 7, 9, 7, '0', 0),
(456, '11:00am', '12:00pm', 7, 9, 1, '0', 0),
(457, '11:00am', '12:00pm', 7, 9, 2, '0', 0),
(458, '11:00am', '12:00pm', 7, 9, 3, '0', 0),
(459, '11:00am', '12:00pm', 7, 9, 4, '0', 0),
(460, '11:00am', '12:00pm', 7, 9, 5, '0', 0),
(461, '11:00am', '12:00pm', 7, 9, 6, '0', 0),
(462, '11:00am', '12:00pm', 7, 9, 7, '0', 0),
(463, '12:00pm', '01:00pm', 7, 9, 1, '0', 0),
(464, '12:00pm', '01:00pm', 7, 9, 2, '0', 0),
(465, '12:00pm', '01:00pm', 7, 9, 3, '0', 0),
(466, '12:00pm', '01:00pm', 7, 9, 4, '0', 0),
(467, '12:00pm', '01:00pm', 7, 9, 5, '0', 0),
(468, '12:00pm', '01:00pm', 7, 9, 6, '0', 0),
(469, '12:00pm', '01:00pm', 7, 9, 7, '0', 0),
(470, '01:00pm', '2:00pm', 7, 9, 1, '0', 0),
(471, '01:00pm', '2:00pm', 7, 9, 2, '0', 0),
(472, '01:00pm', '2:00pm', 7, 9, 3, '0', 0),
(473, '01:00pm', '2:00pm', 7, 9, 4, '0', 0),
(474, '01:00pm', '2:00pm', 7, 9, 5, '0', 0),
(475, '01:00pm', '2:00pm', 7, 9, 6, '0', 0),
(476, '01:00pm', '2:00pm', 7, 9, 7, '0', 0),
(477, '2:00pm', '3:00pm', 7, 9, 1, '0', 0),
(478, '2:00pm', '3:00pm', 7, 9, 2, '0', 0),
(479, '2:00pm', '3:00pm', 7, 9, 3, '0', 0),
(480, '2:00pm', '3:00pm', 7, 9, 4, '0', 0),
(481, '2:00pm', '3:00pm', 7, 9, 5, '0', 0),
(482, '2:00pm', '3:00pm', 7, 9, 6, '0', 0),
(483, '2:00pm', '3:00pm', 7, 9, 7, '0', 0),
(484, '3:00pm', '4:00pm', 7, 9, 1, '0', 0),
(485, '3:00pm', '4:00pm', 7, 9, 2, '0', 0),
(486, '3:00pm', '4:00pm', 7, 9, 3, '0', 0),
(487, '3:00pm', '4:00pm', 7, 9, 4, '0', 0),
(488, '3:00pm', '4:00pm', 7, 9, 5, '0', 0),
(489, '3:00pm', '4:00pm', 7, 9, 6, '0', 0),
(490, '3:00pm', '4:00pm', 7, 9, 7, '0', 0),
(491, '10:00am', '11:00am', 6, 6, 1, '1200', 0),
(492, '10:00am', '11:00am', 6, 6, 2, '1500', 0),
(493, '10:00am', '11:00am', 6, 6, 3, '800', 0),
(494, '10:00am', '11:00am', 6, 6, 4, '700', 0),
(495, '10:00am', '11:00am', 6, 6, 5, '0', 0),
(496, '10:00am', '11:00am', 6, 6, 6, '0', 0),
(497, '10:00am', '11:00am', 6, 6, 7, '0', 0),
(498, '11:00am', '12:00pm', 6, 6, 1, '0', 0),
(499, '11:00am', '12:00pm', 6, 6, 2, '0', 0),
(500, '11:00am', '12:00pm', 6, 6, 3, '0', 0),
(501, '11:00am', '12:00pm', 6, 6, 4, '0', 0),
(502, '11:00am', '12:00pm', 6, 6, 5, '0', 0),
(503, '11:00am', '12:00pm', 6, 6, 6, '0', 0),
(504, '11:00am', '12:00pm', 6, 6, 7, '0', 0),
(505, '12:00pm', '01:00pm', 6, 6, 1, '0', 0),
(506, '12:00pm', '01:00pm', 6, 6, 2, '0', 0),
(507, '12:00pm', '01:00pm', 6, 6, 3, '0', 0),
(508, '12:00pm', '01:00pm', 6, 6, 4, '0', 0),
(509, '12:00pm', '01:00pm', 6, 6, 5, '0', 0),
(510, '12:00pm', '01:00pm', 6, 6, 6, '0', 0),
(511, '12:00pm', '01:00pm', 6, 6, 7, '0', 0),
(512, '01:00pm', '2:00pm', 6, 6, 1, '0', 0),
(513, '01:00pm', '2:00pm', 6, 6, 2, '0', 0),
(514, '01:00pm', '2:00pm', 6, 6, 3, '0', 0),
(515, '01:00pm', '2:00pm', 6, 6, 4, '0', 0),
(516, '01:00pm', '2:00pm', 6, 6, 5, '0', 0),
(517, '01:00pm', '2:00pm', 6, 6, 6, '0', 0),
(518, '01:00pm', '2:00pm', 6, 6, 7, '0', 0),
(519, '2:00pm', '3:00pm', 6, 6, 1, '0', 0),
(520, '2:00pm', '3:00pm', 6, 6, 2, '0', 0),
(521, '2:00pm', '3:00pm', 6, 6, 3, '0', 0),
(522, '2:00pm', '3:00pm', 6, 6, 4, '0', 0),
(523, '2:00pm', '3:00pm', 6, 6, 5, '0', 0),
(524, '2:00pm', '3:00pm', 6, 6, 6, '0', 0),
(525, '2:00pm', '3:00pm', 6, 6, 7, '0', 0),
(526, '3:00pm', '4:00pm', 6, 6, 1, '0', 0),
(527, '3:00pm', '4:00pm', 6, 6, 2, '0', 0),
(528, '3:00pm', '4:00pm', 6, 6, 3, '0', 0),
(529, '3:00pm', '4:00pm', 6, 6, 4, '0', 0),
(530, '3:00pm', '4:00pm', 6, 6, 5, '0', 0),
(531, '3:00pm', '4:00pm', 6, 6, 6, '0', 0),
(532, '3:00pm', '4:00pm', 6, 6, 7, '0', 0);

-- --------------------------------------------------------

--
-- Table structure for table `superadmin`
--

CREATE TABLE IF NOT EXISTS `superadmin` (
  `id` int(11) NOT NULL AUTO_INCREMENT,
  `username` varchar(15) NOT NULL,
  `password` text NOT NULL,
  `image` varchar(20) NOT NULL,
  `email` varchar(30) NOT NULL,
  PRIMARY KEY (`id`)
) ENGINE=InnoDB  DEFAULT CHARSET=latin1 AUTO_INCREMENT=2 ;

--
-- Dumping data for table `superadmin`
--

INSERT INTO `superadmin` (`id`, `username`, `password`, `image`, `email`) VALUES
(1, 'super', 'd3d3c9b08aa454d3d3512fd20bd686e65f7f75d2', 'superadmin_image.png', 'gmail@lalit.com');

-- --------------------------------------------------------

--
-- Table structure for table `user`
--

CREATE TABLE IF NOT EXISTS `user` (
  `id` int(11) NOT NULL AUTO_INCREMENT,
  `name` varchar(30) NOT NULL,
  `email` text NOT NULL,
  `username` text,
  `image` varchar(20) NOT NULL,
  `activation_code` varchar(200) NOT NULL,
  `password` text NOT NULL,
  `contactno` text,
  `status` int(1) NOT NULL DEFAULT '0',
  PRIMARY KEY (`id`),
  UNIQUE KEY `Id` (`id`)
) ENGINE=InnoDB  DEFAULT CHARSET=latin1 AUTO_INCREMENT=53 ;

--
-- Dumping data for table `user`
--

INSERT INTO `user` (`id`, `name`, `email`, `username`, `image`, `activation_code`, `password`, `contactno`, `status`) VALUES
(40, 'Kaley', 'prachanda.gurung@gmail.com', 'cool', '40.jpg', 'd3d3c9b08aa454d3d3512fd20bd686e65f7f75d2', '1c9059170910835368500990479a5cf828444d34', '9807867543', 1),
(42, 'mitaaab', 'prachanda.gurung@gmail.com', 'meetab', '42.png', 's989DFVhZS9yGqWrVqbwsxC0mP5xuvOC6xiAbfZ9PNNaNnnMH6', 'd3d3c9b08aa454d3d3512fd20bd686e65f7f75d2', '9813100099', 1),
(43, 'prachanda gurung', 'prachanda.gurung@gmail.com', 'pracanda', '43.jpg', 'q50jNS3ncsa5dXHrbske04nfV9bMi39tGzJc5lxthNGrPjIMoT', '1c9059170910835368500990479a5cf828444d34', '9875644123', 1),
(44, 'mahatma', 'prachanda.gurung@gmail.com', 'mahatma', '', 'FvujmPA6y9cQ3cmXnDUiNvRdHSYyFN2VrRvU8ligCg9SvPpeXq', '6e5fd925c494844c2c56656d18a4f6623768512f', '9803412345', 1),
(45, 'lalit thapa', 'czinka62@yahoo.com', 'lalit', '', 'HdK2pRUN9wenuBvXvz0N3LBA0SvWA9EyQmBHdjRS5FSlZx6Mc6', '1c9059170910835368500990479a5cf828444d34', '9806621721', 1),
(46, 'suyog khoste', 'prachanda.gurung@gmail.com', 'suyog', '46.jpg', 'CqA3qGehHmctsPbA5EDiMzMiUaqZTdWY8X2JXwXdiMJf65NCON', '1c9059170910835368500990479a5cf828444d34', '9806642985', 1),
(47, 'asfd', 'czinka62@yahoo.com', 'prakan', '', '1lXc2d8ouCoasix3oDJ3GRQfWn8czahZ0LENK0laj4oZTXMCu4', 'd3d3c9b08aa454d3d3512fd20bd686e65f7f75d2', '1234345677', 0),
(48, 'Chandra Gurung', 'czinka62@hotmail.com', 'chandra', '48.jpg', 'EsEWtlAmOiEziLzymVWoZsc5MI35RLfpXvUu9GpTREBxJUz07m', 'd3d3c9b08aa454d3d3512fd20bd686e65f7f75d2', '9807442985', 1),
(49, 'suyog kc', 'prachanda.gurung@gmail.com', 'kraz', '', 'WEn6DUiMoVTTCFabBgQZj3eJodSiEqFh1njoSwFe5C2Yrn0S0R', 'd3d3c9b08aa454d3d3512fd20bd686e65f7f75d2', '98065765', 0),
(52, 'Prabesh', '', NULL, '', '', '', '9806675436', 0);

-- --------------------------------------------------------

--
-- Table structure for table `video`
--

CREATE TABLE IF NOT EXISTS `video` (
  `id` int(11) NOT NULL AUTO_INCREMENT,
  `name` text,
  `video` text,
  `admin_id` int(11) NOT NULL,
  `date` date NOT NULL,
  PRIMARY KEY (`id`)
) ENGINE=InnoDB  DEFAULT CHARSET=latin1 AUTO_INCREMENT=4 ;

--
-- Dumping data for table `video`
--

INSERT INTO `video` (`id`, `name`, `video`, `admin_id`, `date`) VALUES
(1, 'messi', 'nnqBJnYGObU', 9, '2014-11-18'),
(2, 'hehahahaha', 'nnqBJnYGObU', 10, '2014-11-18'),
(3, 'tangy', '1r3CqVxk9so', 10, '2014-11-18');

/*!40101 SET CHARACTER_SET_CLIENT=@OLD_CHARACTER_SET_CLIENT */;
/*!40101 SET CHARACTER_SET_RESULTS=@OLD_CHARACTER_SET_RESULTS */;
/*!40101 SET COLLATION_CONNECTION=@OLD_COLLATION_CONNECTION */;
